trial_id,condition,seed,noise_sigma_m,delay_ms,latency_enter_s,latency_exit_s,recovery_time_s,false_trigger_count,false_trigger_rate_per_min,switching_count,extra_switches,mean_abs_command_change,invalid_sample_count
C1_n0.00_d000_r01,C1,202603,0.0,0,0.0028571428571426694,0.017142857142857792,0.017142857142857792,0,0.0,2,0,0.0012,0
C1_n0.00_d000_r02,C1,202604,0.0,0,0.0028571428571426694,0.017142857142857792,0.017142857142857792,0,0.0,2,0,0.0012,0
C1_n0.00_d000_r03,C1,202605,0.0,0,0.0028571428571426694,0.017142857142857792,0.017142857142857792,0,0.0,2,0,0.0012,0
C1_n0.01_d000_r01,C1,202606,0.01,0,0.022857142857142243,0.017142857142857792,0.12285714285714278,5,14.985014985014985,18,16,0.010799999999999999,0
C1_n0.01_d000_r02,C1,202607,0.01,0,0.06285714285714228,0.017142857142857792,0.06285714285714228,1,2.997002997002997,8,6,0.0048,0
C1_n0.01_d000_r03,C1,202608,0.01,0,0.0028571428571426694,0.017142857142857792,0.137142857142857,4,11.988011988011989,16,14,0.0096,0
C1_n0.03_d000_r01,C1,202609,0.03,0,0.0028571428571426694,0.05714285714285694,0.46285714285714263,8,23.976023976023978,36,34,0.021599999999999998,0
C1_n0.03_d000_r02,C1,202610,0.03,0,0.06285714285714228,0.017142857142857792,0.6171428571428574,12,35.964035964035965,42,40,0.0252,0
C1_n0.03_d000_r03,C1,202611,0.03,0,0.0028571428571426694,0.037142857142857366,0.5028571428571427,10,29.97002997002997,44,42,0.0264,0
C1_n0.01_d100_r01,C1,202612,0.01,100,0.16285714285714192,0.017142857142857792,0.32285714285714207,1,3.012048192771084,12,10,0.007199999999999999,5
C1_n0.01_d100_r02,C1,202613,0.01,100,0.0028571428571426694,0.05714285714285694,0.242857142857142,4,12.048192771084336,16,14,0.0096,5
C1_n0.01_d100_r03,C1,202614,0.01,100,0.022857142857142243,0.137142857142857,0.2771428571428576,3,9.036144578313252,12,10,0.007199999999999999,5
C1_n0.01_d300_r01,C1,202615,0.01,300,0.28285714285714203,0.11714285714285744,0.40285714285714214,4,12.170385395537526,14,12,0.008400000000000001,15
C1_n0.01_d300_r02,C1,202616,0.01,300,0.022857142857142243,0.2771428571428576,0.41714285714285815,2,6.085192697768763,12,10,0.007199999999999999,15
C1_n0.01_d300_r03,C1,202617,0.01,300,0.26285714285714246,0.17714285714285793,0.5228571428571422,5,15.212981744421906,14,12,0.008400000000000001,15
